W_age,children,W_education,H_education,W_religion,W_working,H_occupation,Standard-of-living,Media-exposure,clusterid 
24.0,3.0,2,3,1,1,2,3,0,0 
38.0,6.0,2,3,1,1,3,2,0,0 
37.0,8.0,2,2,1,1,2,3,0,0 
24.0,1.0,2,3,1,1,3,3,0,0 
25.0,4.0,3,3,1,1,3,2,0,0 
28.0,1.0,2,2,1,1,3,2,0,0 
20.0,2.0,2,2,1,1,2,2,1,0 
20.0,1.0,2,3,1,1,2,3,0,0 
47.0,4.0,2,3,1,1,2,3,0,0 
29.0,1.0,2,3,1,1,1,2,0,0 
33.0,2.0,2,3,1,1,3,2,0,0 
41.0,1.0,2,3,1,0,2,3,0,0 
19.0,0.0,2,3,1,0,2,2,0,0 
32.0,7.0,3,3,1,0,2,3,0,0 
31.0,4.0,2,2,1,1,3,3,0,0 
26.0,2.0,2,3,1,1,3,3,0,0 
36.0,5.0,2,3,1,1,2,3,0,0 
20.0,1.0,2,3,0,1,3,2,0,0 
21.0,2.0,3,3,1,1,2,2,0,0 
19.0,2.0,3,3,1,1,3,2,0,0 
24.0,2.0,3,3,1,1,3,3,0,0 
27.0,2.0,2,3,1,1,3,3,0,0 
31.0,2.0,3,3,1,0,2,3,0,0 
22.0,1.0,2,3,1,1,3,3,0,0 
39.0,6.0,3,3,1,1,3,3,0,0 
20.0,1.0,3,3,1,1,2,3,0,0 
40.0,4.0,3,3,1,1,2,2,0,0 
25.0,1.0,3,3,1,1,3,2,0,0 
22.0,0.0,3,3,1,1,2,2,0,0 
21.0,0.0,3,3,1,1,2,2,0,0 
30.0,4.0,2,3,1,0,3,2,0,0 
25.0,3.0,2,2,1,1,3,3,0,0 
35.0,8.0,2,3,1,1,3,2,0,0 
29.0,0.0,3,2,1,1,2,2,0,0 
34.0,7.0,2,3,1,0,3,3,0,0 
23.0,6.0,3,3,1,1,3,3,0,0 
37.0,4.0,2,3,1,1,2,3,0,0 
17.0,1.0,2,3,1,1,3,2,0,0 
23.0,2.0,3,3,1,1,2,2,0,0 
18.0,1.0,2,3,1,1,2,3,0,0 
37.0,6.0,3,3,1,1,2,2,0,0 
19.0,0.0,2,2,1,1,2,2,0,0 
23.0,2.0,3,3,1,1,3,3,0,0 
33.0,3.0,2,2,1,1,2,3,0,0 
28.0,2.0,2,3,1,1,3,3,0,0 
34.0,2.0,2,3,1,1,3,3,0,0 
31.0,2.0,3,3,1,0,3,3,0,0 
28.0,3.0,3,3,1,1,1,2,0,0 
40.0,6.0,2,3,1,1,1,2,0,0 
35.0,6.0,3,3,1,1,2,3,0,0 
26.0,2.0,3,3,1,1,3,2,0,0 
45.0,8.0,3,3,1,1,2,3,0,0 
21.0,1.0,2,2,1,1,3,2,0,0 
30.0,2.0,3,3,1,1,2,3,0,0 
34.0,8.0,2,2,1,1,2,2,0,0 
21.0,1.0,3,3,1,1,3,3,0,0 
32.0,5.0,2,3,1,0,2,3,0,0 
27.0,1.0,3,3,1,0,3,3,0,0 
35.0,6.0,2,3,1,0,3,3,0,0 
24.0,2.0,3,3,1,1,3,3,0,0 
29.0,1.0,3,3,1,1,3,3,0,0 
33.0,3.0,3,3,1,1,3,3,0,0 
34.0,2.0,2,3,1,1,2,3,0,0 
36.0,7.0,2,3,1,1,3,3,0,0 
27.0,3.0,3,3,1,1,2,3,0,0 
32.0,4.0,2,3,1,1,3,2,0,0 
21.0,1.0,2,3,1,0,3,2,0,0 
33.0,7.0,2,2,1,0,2,3,0,0 
19.0,3.0,3,3,1,1,2,3,0,0 
27.0,5.0,2,2,1,1,3,3,0,0 
31.0,7.0,2,3,1,1,3,3,0,0 
26.0,3.0,3,3,1,1,3,3,0,0 
27.0,3.0,3,3,1,1,2,2,0,0 
22.0,2.0,2,2,1,1,2,3,0,0 
21.0,1.0,2,2,1,1,4,3,0,0 
25.0,4.0,2,3,1,1,3,3,0,0 
23.0,1.0,3,3,1,1,2,2,0,0 
25.0,3.0,3,3,1,1,3,2,0,0 
24.0,1.0,3,3,1,1,3,2,0,0 
25.0,3.0,3,3,1,1,3,3,0,0 
21.0,1.0,3,3,1,1,3,3,0,0 
26.0,2.0,2,3,1,1,2,3,0,0 
32.0,4.0,2,3,1,0,2,2,0,0 
29.0,6.0,3,3,1,1,3,3,0,0 
26.0,3.0,3,3,1,1,3,3,0,0 
26.0,2.0,2,3,1,1,3,3,0,0 
28.0,4.0,3,3,1,1,3,3,0,0 
23.0,1.0,3,2,1,1,3,3,0,0 
28.0,2.0,3,3,0,1,2,3,0,0 
21.0,1.0,3,3,1,1,2,2,0,0 
25.0,2.0,3,3,1,1,2,3,0,0 
24.0,5.0,2,3,1,1,3,3,0,0 
21.0,1.0,2,2,1,1,3,2,0,0 
29.0,4.0,2,3,1,1,3,2,0,0 
21.0,1.0,3,3,1,1,3,2,0,0 
23.0,2.0,2,3,1,0,3,2,0,0 
25.0,1.0,2,2,1,1,3,3,0,0 
37.0,5.0,2,3,1,1,4,2,0,0 
21.0,2.0,3,3,1,1,2,3,0,0 
20.0,1.0,2,2,1,1,3,2,0,0 
40.0,5.0,2,3,1,1,3,3,0,0 
22.0,3.0,2,2,1,0,3,3,0,0 
30.0,4.0,3,3,1,0,2,2,0,0 
29.0,3.0,2,3,1,0,3,2,0,0 
25.0,5.0,2,3,1,1,2,3,0,0 
26.0,5.0,3,2,1,1,2,2,0,0 
23.0,3.0,2,3,1,1,2,3,0,0 
25.0,4.0,2,3,1,0,3,2,0,0 
23.0,2.0,2,2,1,1,3,3,0,0 
21.0,1.0,2,2,1,1,3,2,0,0 
32.0,1.0,2,3,1,1,3,3,0,0 
49.0,4.0,2,3,1,1,2,3,0,0 
43.0,3.0,2,3,0,1,2,3,0,0 
35.0,8.0,2,3,1,1,3,3,1,0 
45.0,11.0,2,3,1,1,2,3,0,0 
28.0,5.0,3,3,1,1,3,3,0,0 
25.0,1.0,3,3,1,1,2,2,0,0 
36.0,6.0,2,3,1,1,2,3,0,0 
34.0,9.0,2,2,1,0,2,3,0,0 
25.0,2.0,2,3,1,1,3,2,0,0 
31.0,2.0,3,3,1,0,3,3,0,0 
23.0,0.0,3,2,1,1,2,2,0,0 
34.0,6.0,3,3,1,1,2,3,0,0 
38.0,4.0,2,3,1,1,1,2,0,0 
38.0,8.0,2,2,1,1,2,2,0,0 
26.0,2.0,3,3,1,1,1,3,0,0 
22.0,2.0,3,3,1,1,3,3,0,0 
31.0,4.0,2,2,1,1,4,3,1,0 
36.0,4.0,3,3,1,1,1,3,0,0 
30.0,7.0,2,3,1,1,3,3,0,0 
31.0,4.0,2,2,1,1,3,3,0,0 
29.0,3.0,2,3,1,1,3,3,0,0 
37.0,9.0,2,3,1,1,3,3,0,0 
37.0,6.0,3,3,1,1,3,3,0,0 
35.0,6.0,2,3,1,1,2,3,0,0 
30.0,3.0,2,3,1,1,3,3,0,0 
29.0,2.0,3,3,1,1,3,2,0,0 
22.0,1.0,3,3,1,1,3,2,0,0 
30.0,6.0,2,2,1,0,2,3,0,0 
33.0,4.0,3,3,1,0,2,3,0,0 
26.0,2.0,3,3,1,0,2,2,0,0 
30.0,2.0,2,2,1,1,3,2,0,0 
20.0,2.0,3,3,1,1,2,2,1,0 
18.0,1.0,3,3,1,1,2,2,0,0 
30.0,3.0,3,2,1,1,3,3,0,0 
22.0,3.0,3,3,1,1,3,3,0,0 
33.0,4.0,2,3,1,1,2,3,0,0 
35.0,5.0,2,3,1,1,3,3,0,0 
32.0,6.0,2,2,1,1,2,3,0,0 
27.0,3.0,2,2,1,1,2,2,1,0 
42.0,9.0,3,2,1,1,3,3,0,0 
36.0,8.0,3,3,1,1,3,2,0,0 
42.0,10.0,3,3,1,1,3,3,0,0 
38.0,1.0,2,2,1,0,3,2,0,0 
40.0,3.0,3,3,1,1,3,2,0,0 
36.0,2.0,2,3,1,1,3,2,1,0 
25.0,2.0,3,2,1,1,3,2,0,0 
27.0,3.0,3,2,1,1,3,2,0,0 
34.0,3.0,2,3,1,0,3,2,0,0 
37.0,5.0,2,3,1,0,3,2,0,0 
44.0,1.0,2,2,1,0,3,2,0,0 
43.0,6.0,2,3,1,0,3,3,0,0 
42.0,8.0,3,3,1,1,4,3,0,0 
49.0,0.0,2,3,1,1,1,2,0,0 
40.0,3.0,3,3,1,1,2,2,1,0 
40.0,8.0,2,2,1,1,2,2,0,0 
35.0,4.0,3,3,1,1,3,2,0,0 
36.0,6.0,3,2,1,1,3,2,0,0 
32.0,6.0,3,3,1,0,3,3,0,0 
17.0,1.0,2,2,1,1,3,2,0,0 
43.0,5.0,3,3,1,0,3,3,0,0 
43.0,8.0,3,3,1,1,1,3,0,0 
30.0,3.0,3,3,1,0,3,2,0,0 
34.0,4.0,2,2,0,1,3,2,0,0 
39.0,5.0,2,2,1,0,3,2,1,0 
41.0,5.0,2,2,0,1,2,2,0,0 
40.0,8.0,2,2,1,1,1,3,0,0 
24.0,2.0,3,3,1,0,3,2,0,0 
47.0,7.0,2,2,1,1,2,2,0,0 
45.0,6.0,2,3,1,1,3,2,1,0 
42.0,5.0,3,3,1,1,2,2,0,0 
40.0,6.0,2,2,1,1,2,2,1,0 
38.0,10.0,2,2,1,1,3,2,0,0 
45.0,9.0,2,2,1,1,3,3,0,0 
32.0,4.0,3,3,1,0,3,3,0,0 
43.0,6.0,3,3,1,0,3,2,0,0 
32.0,5.0,3,2,1,1,3,3,0,0 
37.0,11.0,3,3,1,1,1,2,0,0 
30.0,4.0,3,3,1,0,3,2,0,0 
35.0,6.0,2,3,1,0,3,2,0,0 
34.0,3.0,2,3,0,1,3,2,1,0 
33.0,4.0,3,3,1,0,2,2,0,0 
42.0,1.0,3,2,1,1,3,3,0,0 
34.0,8.0,3,2,1,0,2,3,1,0 
31.0,8.0,2,2,1,1,2,2,1,0 
41.0,11.0,3,2,1,1,2,3,0,0 
35.0,6.0,2,2,1,0,2,2,1,0 
36.0,7.0,2,2,1,0,2,2,1,0 
21.0,1.0,3,3,1,0,3,2,0,0 
40.0,1.0,3,3,1,0,3,3,0,0 
37.0,2.0,2,3,0,0,3,3,0,0 
20.0,2.0,2,2,1,1,3,2,1,0 
17.0,0.0,2,2,1,0,3,2,0,0 
25.0,1.0,3,2,1,0,3,3,0,0 
21.0,1.0,3,3,0,1,3,2,0,0 
32.0,4.0,3,2,1,1,2,2,1,0 
35.0,2.0,3,3,1,0,2,2,0,0 
23.0,2.0,3,2,1,0,3,2,0,0 
27.0,1.0,2,2,1,0,3,2,1,0 
47.0,0.0,2,3,1,0,1,3,0,0 
45.0,5.0,3,3,0,1,1,3,0,0 
36.0,0.0,2,2,0,0,3,3,0,0 
36.0,5.0,3,3,1,0,1,3,0,0 
36.0,3.0,3,3,0,0,2,3,1,0 
38.0,4.0,3,3,0,0,3,2,1,0 
46.0,11.0,3,2,1,0,2,2,1,0 
45.0,10.0,1,3,1,1,3,4,0,1 
43.0,8.0,1,2,1,1,2,4,0,1 
48.0,4.0,1,3,1,1,3,4,1,1 
44.0,7.0,1,2,1,1,3,4,0,1 
47.0,2.0,1,2,1,1,2,4,0,1 
29.0,7.0,1,2,1,1,2,4,0,1 
44.0,2.0,1,2,1,1,2,4,0,1 
37.0,0.0,1,3,1,1,3,4,0,1 
49.0,6.0,1,3,1,1,2,4,0,1 
30.0,4.0,1,3,1,1,3,4,0,1 
46.0,9.0,1,2,1,0,3,4,1,1 
30.0,1.0,1,3,1,1,3,4,0,1 
42.0,12.0,1,3,1,1,2,4,0,1 
34.0,4.0,1,3,1,0,3,4,0,1 
41.0,3.0,1,3,1,0,2,4,0,1 
47.0,2.0,1,2,1,1,2,4,0,1 
43.0,4.0,1,3,1,1,1,4,0,1 
34.0,5.0,1,2,1,1,3,4,0,1 
28.0,5.0,1,3,1,1,3,4,0,1 
30.0,2.0,1,3,1,1,3,4,0,1 
38.0,1.0,1,2,1,1,2,4,1,1 
22.0,0.0,1,2,1,1,2,4,0,1 
35.0,0.0,1,2,1,0,4,4,0,1 
43.0,1.0,1,2,1,1,3,4,1,1 
35.0,4.0,1,2,1,0,4,4,0,1 
39.0,2.0,1,2,1,0,2,4,0,1 
22.0,2.0,1,2,1,1,3,4,0,1 
27.0,4.0,1,2,1,1,1,4,1,1 
21.0,1.0,1,2,1,0,3,4,0,1 
21.0,0.0,1,3,1,0,3,4,1,1 
43.0,7.0,2,3,1,1,3,4,0,2 
27.0,3.0,2,3,1,1,3,4,0,2 
39.0,6.0,2,2,1,1,2,4,0,2 
42.0,3.0,2,2,1,1,3,4,0,2 
21.0,0.0,2,3,1,1,3,4,0,2 
48.0,8.0,2,3,1,1,1,4,0,2 
22.0,2.0,3,3,1,1,3,4,0,2 
33.0,1.0,2,3,1,1,3,4,0,2 
40.0,1.0,3,3,0,1,3,4,0,2 
37.0,2.0,3,3,1,1,1,4,0,2 
27.0,1.0,2,3,1,0,3,4,0,2 
39.0,1.0,3,3,0,1,3,4,0,2 
35.0,0.0,2,3,1,1,2,4,0,2 
41.0,5.0,3,3,1,1,3,4,0,2 
25.0,1.0,3,3,1,1,3,4,0,2 
37.0,5.0,2,3,0,0,2,4,0,2 
30.0,5.0,3,3,1,0,3,4,0,2 
32.0,4.0,2,3,0,1,2,4,0,2 
25.0,0.0,2,3,1,1,2,4,0,2 
43.0,4.0,3,3,1,1,2,4,0,2 
30.0,2.0,2,3,1,0,2,4,0,2 
20.0,3.0,2,3,1,1,3,4,0,2 
38.0,5.0,3,3,1,1,1,4,0,2 
20.0,1.0,2,3,1,1,3,4,0,2 
25.0,0.0,3,3,1,1,3,4,0,2 
47.0,2.0,3,3,1,1,2,4,0,2 
45.0,4.0,2,3,1,0,2,4,0,2 
20.0,3.0,2,3,1,1,3,4,0,2 
33.0,6.0,3,3,1,1,3,4,0,2 
42.0,7.0,2,3,1,1,3,4,0,2 
33.0,6.0,2,2,1,0,3,4,0,2 
32.0,2.0,3,3,1,0,3,4,0,2 
37.0,7.0,2,3,1,1,3,4,0,2 
45.0,7.0,3,3,1,1,3,4,0,2 
47.0,7.0,2,2,1,1,2,4,0,2 
49.0,11.0,3,3,1,1,1,4,0,2 
41.0,5.0,3,3,1,1,1,4,0,2 
42.0,4.0,3,3,1,1,2,4,0,2 
45.0,6.0,3,3,0,1,2,4,0,2 
35.0,6.0,2,2,1,1,3,4,0,2 
34.0,6.0,3,3,1,1,3,4,0,2 
33.0,5.0,3,3,1,1,3,4,0,2 
29.0,4.0,3,3,1,1,3,4,0,2 
30.0,4.0,2,2,1,1,2,4,0,2 
33.0,8.0,3,3,1,1,3,4,0,2 
30.0,7.0,3,3,1,1,3,4,0,2 
24.0,2.0,2,2,1,1,3,4,0,2 
36.0,5.0,2,2,1,1,3,4,0,2 
29.0,5.0,2,3,1,1,2,4,0,2 
25.0,2.0,2,3,1,1,2,4,0,2 
38.0,3.0,2,3,1,1,2,4,0,2 
33.0,2.0,2,2,1,1,3,4,0,2 
29.0,4.0,3,3,1,1,3,4,0,2 
28.0,3.0,2,3,1,1,3,4,0,2 
38.0,2.0,3,3,0,1,3,4,0,2 
46.0,6.0,2,3,0,0,3,4,0,2 
41.0,7.0,3,3,0,1,2,4,0,2 
28.0,6.0,2,3,1,1,2,4,0,2 
42.0,2.0,2,3,1,1,1,4,0,2 
27.0,4.0,3,3,1,1,2,4,0,2 
31.0,1.0,3,3,1,0,3,4,0,2 
39.0,10.0,2,3,1,1,3,4,0,2 
38.0,6.0,2,2,1,1,3,4,0,2 
26.0,3.0,2,3,1,1,3,4,0,2 
47.0,5.0,3,2,1,1,4,4,0,2 
32.0,2.0,2,2,1,1,2,4,0,2 
31.0,1.0,3,2,1,1,3,4,0,2 
21.0,0.0,2,3,1,1,3,4,0,2 
24.0,4.0,2,2,1,1,3,4,0,2 
33.0,3.0,3,3,1,1,3,4,0,2 
30.0,7.0,2,2,1,1,3,4,0,2 
27.0,2.0,3,3,1,1,3,4,0,2 
26.0,4.0,2,2,1,1,3,4,0,2 
42.0,4.0,3,3,0,1,3,4,0,2 
44.0,1.0,2,3,0,1,2,4,0,2 
34.0,6.0,3,3,1,1,1,4,0,2 
28.0,3.0,2,3,1,1,2,4,0,2 
36.0,6.0,2,3,1,1,2,4,0,2 
46.0,5.0,2,2,1,1,2,4,0,2 
37.0,6.0,2,3,1,1,3,4,0,2 
30.0,5.0,2,3,1,0,3,4,0,2 
26.0,4.0,3,2,1,1,3,4,0,2 
27.0,5.0,3,3,1,1,2,4,0,2 
39.0,8.0,3,3,1,0,1,4,0,2 
28.0,1.0,2,2,1,1,2,4,0,2 
26.0,3.0,3,3,1,0,2,4,0,2 
20.0,1.0,2,3,1,1,2,4,0,2 
29.0,3.0,3,3,1,0,2,4,0,2 
24.0,3.0,2,2,1,1,2,4,0,2 
19.0,1.0,3,3,1,1,2,4,0,2 
23.0,2.0,3,3,1,0,3,4,0,2 
27.0,1.0,3,3,1,0,3,4,0,2 
25.0,1.0,2,3,1,0,4,4,0,2 
27.0,5.0,3,2,1,1,2,4,0,2 
20.0,2.0,3,3,1,1,2,4,0,2 
28.0,5.0,2,2,1,0,2,4,0,2 
28.0,3.0,3,3,1,0,2,4,0,2 
23.0,1.0,3,3,1,0,2,4,0,2 
26.0,1.0,2,3,1,0,4,4,0,2 
26.0,1.0,2,3,1,0,3,4,1,2 
25.0,1.0,3,3,1,0,2,4,0,2 
22.0,2.0,3,3,1,1,2,4,0,2 
23.0,1.0,2,2,1,1,2,4,0,2 
17.0,1.0,3,3,1,1,2,4,0,2 
42.0,3.0,3,3,1,0,2,4,0,2 
35.0,9.0,3,2,1,0,3,4,0,2 
33.0,3.0,2,2,0,0,2,4,0,2 
40.0,4.0,2,2,0,0,2,4,0,2 
21.0,0.0,2,2,0,1,4,4,0,2 
36.0,2.0,3,3,1,0,2,4,0,2 
27.0,1.0,3,3,0,0,2,4,0,2 
29.0,1.0,3,3,0,0,2,4,0,2 
43.0,2.0,3,3,0,0,3,4,0,2 
45.0,3.0,2,3,0,0,2,4,0,2 
19.0,0.0,4,4,1,1,3,3,0,3 
24.0,0.0,4,4,1,0,2,2,0,3 
31.0,2.0,4,4,1,1,3,2,0,3 
32.0,2.0,4,4,1,1,2,3,0,3 
25.0,1.0,4,4,1,0,3,3,0,3 
25.0,1.0,4,4,1,1,1,3,0,3 
34.0,3.0,4,4,0,0,3,3,0,3 
26.0,1.0,4,4,1,1,1,3,0,3 
24.0,2.0,4,4,1,1,3,3,0,3 
33.0,2.0,4,4,1,1,1,3,0,3 
30.0,0.0,4,4,0,0,3,3,0,3 
35.0,2.0,4,4,0,1,3,3,0,3 
32.0,1.0,4,4,1,0,1,3,0,3 
34.0,4.0,4,4,1,1,2,3,0,3 
28.0,0.0,4,4,0,1,1,3,0,3 
32.0,4.0,4,4,1,0,1,3,0,3 
24.0,1.0,4,4,1,1,3,3,0,3 
22.0,2.0,4,4,1,1,1,3,0,3 
34.0,2.0,4,4,1,0,1,3,0,3 
27.0,1.0,4,4,1,1,1,2,0,3 
33.0,5.0,4,4,1,1,3,3,0,3 
36.0,2.0,4,4,1,1,3,3,0,3 
22.0,0.0,4,4,1,1,1,3,0,3 
24.0,1.0,4,4,1,1,2,2,0,3 
29.0,1.0,4,4,1,1,1,3,0,3 
23.0,2.0,4,4,1,0,3,3,0,3 
28.0,1.0,4,4,0,1,1,3,0,3 
25.0,1.0,4,4,0,1,2,3,0,3 
21.0,1.0,4,4,1,1,3,3,0,3 
23.0,1.0,4,4,1,1,2,3,0,3 
33.0,0.0,4,4,1,0,3,3,0,3 
23.0,1.0,4,4,1,1,1,2,0,3 
37.0,2.0,4,4,1,0,3,3,0,3 
36.0,3.0,4,4,0,1,1,3,0,3 
34.0,4.0,4,4,1,1,3,3,0,3 
19.0,1.0,4,4,1,1,2,3,0,3 
24.0,1.0,4,4,1,1,3,2,0,3 
38.0,6.0,4,4,1,0,3,3,0,3 
40.0,4.0,4,4,1,1,1,3,0,3 
29.0,2.0,4,4,1,0,1,3,0,3 
22.0,1.0,4,4,1,1,1,2,0,3 
32.0,3.0,4,4,0,1,3,3,0,3 
38.0,5.0,4,4,1,1,1,3,0,3 
29.0,2.0,4,4,1,0,1,3,0,3 
28.0,2.0,4,4,1,0,1,3,0,3 
26.0,1.0,4,4,1,0,1,3,0,3 
35.0,4.0,4,4,0,1,3,3,0,3 
38.0,6.0,4,4,1,1,3,3,0,3 
25.0,2.0,4,4,0,1,1,3,0,3 
33.0,3.0,4,4,1,1,3,3,0,3 
29.0,3.0,4,4,1,0,3,3,0,3 
28.0,4.0,4,4,1,1,1,3,0,3 
22.0,1.0,4,4,1,1,1,3,0,3 
35.0,3.0,4,4,1,1,2,3,0,3 
24.0,2.0,4,4,1,0,1,3,0,3 
28.0,2.0,4,4,1,1,1,3,0,3 
27.0,2.0,4,4,1,0,1,3,0,3 
40.0,6.0,4,4,1,1,1,3,0,3 
28.0,1.0,4,4,1,1,3,2,0,3 
41.0,1.0,4,4,1,1,3,3,0,3 
19.0,1.0,4,4,1,1,1,3,0,3 
22.0,1.0,4,4,1,1,2,3,0,3 
21.0,1.0,4,4,1,1,2,3,0,3 
25.0,1.0,4,4,0,1,3,3,0,3 
24.0,1.0,4,4,1,1,1,3,0,3 
22.0,1.0,4,4,1,1,3,3,0,3 
32.0,4.0,4,4,1,1,1,3,0,3 
32.0,2.0,4,4,1,0,1,3,0,3 
37.0,4.0,4,4,1,1,3,2,0,3 
34.0,2.0,4,4,1,1,3,3,0,3 
28.0,1.0,4,4,1,1,1,3,0,3 
26.0,1.0,4,4,1,1,3,3,0,3 
38.0,5.0,4,4,1,1,2,3,0,3 
20.0,2.0,4,4,1,1,1,3,0,3 
25.0,2.0,4,4,1,1,1,3,0,3 
23.0,1.0,4,4,1,1,3,3,0,3 
23.0,3.0,4,4,1,1,3,3,0,3 
22.0,3.0,4,4,1,1,3,2,0,3 
33.0,4.0,4,4,1,1,2,3,0,3 
30.0,2.0,4,4,0,0,3,3,0,3 
28.0,4.0,4,4,1,1,2,3,0,3 
26.0,2.0,4,4,1,0,3,3,0,3 
30.0,2.0,4,4,1,1,4,3,0,3 
19.0,1.0,4,4,1,1,3,2,0,3 
25.0,2.0,4,4,1,1,3,2,0,3 
22.0,0.0,4,4,1,1,3,2,0,3 
35.0,1.0,4,4,1,1,1,3,0,3 
23.0,1.0,4,4,1,0,3,3,0,3 
31.0,3.0,4,4,1,0,2,3,0,3 
24.0,1.0,4,4,1,0,1,3,0,3 
28.0,1.0,4,4,1,0,1,3,0,3 
19.0,1.0,4,4,1,1,1,3,0,3 
31.0,2.0,4,4,1,1,1,2,0,3 
28.0,2.0,4,4,1,1,1,3,0,3 
26.0,2.0,4,4,1,1,1,3,0,3 
25.0,3.0,4,4,1,1,1,2,0,3 
31.0,4.0,4,4,1,1,3,3,0,3 
21.0,1.0,4,4,1,1,1,3,0,3 
22.0,1.0,4,4,1,1,1,3,0,3 
32.0,4.0,4,4,1,1,1,2,0,3 
27.0,3.0,4,4,1,1,1,3,0,3 
22.0,1.0,4,4,1,0,2,2,0,3 
27.0,1.0,4,4,1,0,3,3,0,3 
26.0,1.0,4,4,1,0,2,3,0,3 
32.0,4.0,4,4,1,1,2,3,0,3 
23.0,1.0,4,4,1,1,3,3,0,3 
29.0,3.0,4,4,1,1,3,2,0,3 
36.0,3.0,4,4,1,1,3,3,0,3 
40.0,5.0,4,4,1,1,1,3,0,3 
24.0,1.0,4,4,0,1,2,3,0,3 
27.0,2.0,4,4,1,1,1,3,0,3 
34.0,4.0,4,4,1,0,3,3,0,3 
24.0,2.0,4,4,1,0,3,3,0,3 
24.0,2.0,4,4,1,1,3,3,0,3 
36.0,4.0,4,4,1,1,1,3,0,3 
25.0,3.0,4,4,1,1,3,3,0,3 
21.0,2.0,4,4,1,1,2,3,0,3 
26.0,2.0,4,4,1,1,3,3,0,3 
24.0,1.0,4,4,1,1,2,3,0,3 
25.0,2.0,4,4,1,1,1,2,0,3 
25.0,2.0,4,4,1,1,3,3,0,3 
30.0,1.0,4,4,1,0,3,2,0,3 
33.0,5.0,4,4,1,1,3,3,0,3 
26.0,3.0,4,4,1,1,3,2,0,3 
21.0,2.0,4,4,1,1,3,3,0,3 
25.0,2.0,4,4,1,1,2,3,0,3 
24.0,1.0,4,4,1,1,1,3,0,3 
19.0,1.0,4,4,1,1,2,3,0,3 
27.0,4.0,4,4,1,1,3,3,0,3 
34.0,1.0,4,4,0,0,2,3,0,3 
30.0,0.0,4,4,0,0,1,3,0,3 
38.0,4.0,4,4,0,0,1,2,0,3 
44.0,4.0,4,4,1,0,2,3,0,3 
35.0,5.0,4,4,1,0,1,3,0,3 
30.0,2.0,4,4,1,0,2,2,0,3 
27.0,1.0,4,4,0,0,1,3,0,3 
34.0,6.0,4,4,1,1,2,2,0,3 
41.0,3.0,4,4,1,0,2,3,0,3 
34.0,2.0,4,4,0,0,3,2,0,3 
49.0,6.0,4,4,1,1,1,2,0,3 
45.0,1.0,4,4,1,0,3,3,0,3 
45.0,1.0,4,4,1,1,1,3,0,3 
45.0,4.0,4,4,1,1,2,3,0,3 
34.0,3.0,4,4,0,1,1,2,0,3 
42.0,6.0,4,4,1,1,1,3,0,3 
44.0,7.0,4,4,1,1,3,2,0,3 
39.0,2.0,4,4,0,1,1,3,0,3 
47.0,5.0,4,4,1,1,1,3,0,3 
43.0,6.0,4,4,1,1,1,3,0,3 
43.0,5.0,4,4,1,1,1,3,0,3 
42.0,6.0,4,4,1,1,1,3,0,3 
47.0,5.0,4,4,1,1,3,2,0,3 
27.0,4.0,4,4,1,1,1,2,1,3 
47.0,1.0,4,4,1,0,1,3,0,3 
44.0,6.0,4,4,0,1,1,3,0,3 
33.0,2.0,4,4,0,0,1,3,0,3 
33.0,3.0,4,4,0,0,1,3,0,3 
46.0,10.0,4,4,1,1,1,3,0,3 
33.0,2.0,4,4,0,0,1,3,0,3 
44.0,4.0,4,4,0,1,2,3,0,3 
38.0,3.0,4,4,0,0,3,3,1,3 
36.0,6.0,4,4,0,1,1,2,1,3 
45.0,8.0,1,1,1,1,2,2,1,4 
47.0,7.0,1,1,1,1,2,3,1,4 
30.0,5.0,1,1,1,1,2,2,0,4 
48.0,8.0,1,1,1,0,2,2,1,4 
47.0,10.0,1,1,1,1,3,3,0,4 
31.0,3.0,1,1,1,1,4,2,1,4 
30.0,7.0,1,1,1,1,2,3,0,4 
48.0,6.0,1,1,1,1,2,3,1,4 
31.0,6.0,1,1,1,1,3,2,0,4 
47.0,4.0,1,1,1,1,2,2,0,4 
40.0,0.0,1,1,1,1,3,2,0,4 
48.0,1.0,1,1,1,0,3,3,1,4 
36.0,5.0,1,1,1,1,3,3,0,4 
38.0,2.0,1,3,1,0,3,3,1,5 
42.0,9.0,1,3,1,1,3,2,1,5 
41.0,10.0,1,3,1,1,2,3,1,5 
43.0,2.0,1,3,1,0,2,2,1,5 
44.0,0.0,1,3,1,1,2,3,0,5 
45.0,6.0,1,2,1,1,3,3,1,5 
45.0,1.0,1,2,1,0,3,3,0,5 
45.0,1.0,1,3,1,1,2,3,1,5 
48.0,4.0,1,3,1,1,3,3,1,5 
43.0,5.0,1,3,1,0,3,2,0,5 
35.0,0.0,1,3,1,1,2,2,1,5 
44.0,4.0,1,3,1,1,3,3,1,5 
32.0,4.0,1,2,1,1,3,2,1,5 
49.0,0.0,1,3,1,1,3,3,1,5 
46.0,8.0,1,2,1,1,3,3,1,5 
35.0,7.0,1,3,1,0,2,3,1,5 
45.0,3.0,1,3,1,1,3,2,0,5 
29.0,5.0,1,3,1,1,3,3,0,5 
24.0,4.0,1,3,1,1,3,3,0,5 
21.0,1.0,1,3,1,1,3,3,1,5 
32.0,4.0,1,3,1,1,3,3,0,5 
33.0,0.0,1,2,1,0,3,3,0,5 
38.0,8.0,1,2,1,1,3,3,1,5 
38.0,4.0,1,3,1,0,2,2,0,5 
45.0,7.0,1,3,1,0,1,3,0,5 
32.0,4.0,1,3,1,1,2,2,1,5 
35.0,5.0,1,2,1,1,3,3,0,5 
47.0,9.0,1,3,1,0,3,3,0,5 
21.0,4.0,1,3,1,1,3,2,0,5 
42.0,12.0,1,3,1,1,3,3,0,5 
48.0,5.0,1,3,1,1,3,2,0,5 
37.0,2.0,1,2,1,1,2,2,1,5 
47.0,7.0,1,2,1,0,3,2,0,5 
35.0,6.0,1,2,1,1,2,2,1,5 
23.0,3.0,1,2,1,1,3,2,1,5 
22.0,2.0,1,3,1,1,3,2,0,5 
35.0,5.0,1,2,1,1,2,2,1,5 
41.0,6.0,1,2,1,1,3,3,0,5 
36.0,6.0,1,3,1,1,3,2,0,5 
43.0,8.0,1,2,1,1,2,2,1,5 
28.0,4.0,1,2,1,1,2,3,0,5 
38.0,12.0,1,2,1,1,2,3,0,5 
47.0,2.0,1,2,1,1,2,3,1,5 
47.0,4.0,1,2,1,1,2,2,0,5 
49.0,5.0,1,2,1,0,2,2,1,5 
47.0,2.0,1,2,1,0,1,3,0,5 
47.0,3.0,1,2,1,1,1,3,0,5 
25.0,3.0,1,2,1,1,2,3,0,5 
32.0,6.0,1,2,0,1,2,3,0,5 
29.0,1.0,1,2,1,1,3,3,0,5 
31.0,4.0,1,2,1,1,3,3,0,5 
29.0,5.0,1,2,1,0,1,2,0,5 
26.0,3.0,1,2,1,0,3,2,0,5 
25.0,1.0,1,3,1,1,4,2,0,5 
24.0,3.0,1,2,1,1,3,2,0,5 
24.0,3.0,1,2,1,1,3,2,0,5 
42.0,4.0,1,4,1,1,1,3,0,6 
45.0,5.0,1,4,1,1,1,2,1,6 
47.0,8.0,1,4,1,1,3,3,0,6 
41.0,4.0,1,4,1,1,3,3,0,6 
28.0,2.0,1,4,1,0,2,3,0,6 
32.0,4.0,1,4,1,1,3,2,0,6 
44.0,9.0,1,4,1,1,1,2,0,6 
36.0,2.0,1,4,1,1,2,2,0,6 
36.0,1.0,1,4,1,1,3,3,0,6 
47.0,7.0,1,4,1,1,2,3,0,6 
44.0,2.0,1,4,1,1,1,3,0,6 
42.0,11.0,1,4,0,1,2,2,1,6 
25.0,2.0,1,4,1,0,3,3,1,6 
24.0,1.0,1,4,1,0,4,2,1,6 
44.0,1.0,4,4,1,0,1,4,0,7 
46.0,1.0,4,4,0,1,1,4,0,7 
39.0,1.0,4,4,1,1,1,4,0,7 
48.0,5.0,4,4,1,1,1,4,0,7 
38.0,1.0,4,4,1,0,1,4,0,7 
29.0,0.0,4,4,1,0,1,4,0,7 
40.0,2.0,4,4,0,1,1,4,0,7 
45.0,0.0,4,4,1,1,2,4,0,7 
26.0,1.0,4,4,1,1,1,4,0,7 
26.0,0.0,4,4,1,0,1,4,0,7 
31.0,0.0,4,4,1,0,1,4,0,7 
43.0,5.0,4,4,1,0,1,4,0,7 
29.0,0.0,4,4,1,0,2,4,0,7 
38.0,1.0,4,4,1,0,1,4,0,7 
49.0,6.0,4,4,0,0,1,4,0,7 
28.0,0.0,4,4,0,0,1,4,0,7 
30.0,2.0,4,4,1,1,1,4,0,7 
33.0,2.0,4,4,1,1,1,4,0,7 
35.0,3.0,4,4,0,1,1,4,0,7 
21.0,1.0,4,4,1,1,1,4,0,7 
37.0,1.0,4,4,1,1,1,4,0,7 
20.0,1.0,4,4,1,1,1,4,0,7 
33.0,3.0,4,4,1,1,1,4,0,7 
41.0,2.0,4,4,1,1,1,4,0,7 
43.0,5.0,4,4,1,1,1,4,0,7 
44.0,3.0,4,4,1,1,2,4,0,7 
35.0,2.0,4,4,1,0,2,4,0,7 
30.0,0.0,4,4,1,0,1,4,0,7 
26.0,1.0,4,4,1,1,1,4,0,7 
47.0,4.0,4,4,1,1,1,4,0,7 
34.0,2.0,4,4,1,0,1,4,0,7 
32.0,1.0,4,4,1,1,1,4,0,7 
47.0,4.0,4,4,1,1,1,4,0,7 
34.0,2.0,4,4,0,1,1,4,0,7 
23.0,2.0,4,4,1,1,1,4,0,7 
26.0,1.0,4,4,1,0,1,4,0,7 
30.0,2.0,4,4,1,1,1,4,0,7 
48.0,3.0,4,4,1,1,2,4,0,7 
22.0,0.0,4,4,1,1,1,4,0,7 
22.0,0.0,4,4,1,0,1,4,0,7 
36.0,4.0,4,4,1,1,1,4,0,7 
40.0,3.0,4,4,1,1,3,4,0,7 
47.0,2.0,4,4,1,1,1,4,0,7 
28.0,3.0,4,4,0,1,1,4,0,7 
26.0,1.0,4,4,1,1,1,4,0,7 
23.0,1.0,4,4,1,0,2,4,0,7 
40.0,2.0,4,4,1,1,3,4,0,7 
40.0,3.0,4,4,0,1,3,4,0,7 
49.0,4.0,4,4,1,1,3,4,0,7 
47.0,1.0,4,4,0,1,1,4,0,7 
30.0,3.0,4,4,1,0,2,4,0,7 
25.0,0.0,4,4,1,0,2,4,0,7 
33.0,1.0,4,4,0,0,3,4,0,7 
39.0,2.0,4,4,1,0,1,4,0,7 
44.0,3.0,4,4,1,0,1,4,1,7 
33.0,5.0,4,4,1,1,3,4,0,7 
29.0,0.0,4,4,1,0,2,4,0,7 
37.0,2.0,4,4,0,1,1,4,0,7 
35.0,4.0,4,4,1,1,1,4,0,7 
26.0,2.0,4,4,1,0,1,4,0,7 
32.0,2.0,4,4,1,1,1,4,0,7 
30.0,2.0,4,4,0,0,1,4,0,7 
39.0,4.0,4,4,1,1,1,4,0,7 
45.0,7.0,4,4,1,1,1,4,0,7 
32.0,4.0,4,4,1,1,2,4,0,7 
46.0,2.0,4,4,1,0,1,4,0,7 
32.0,2.0,4,4,0,0,1,4,0,7 
49.0,10.0,4,4,1,1,1,4,0,7 
39.0,3.0,4,4,1,1,1,4,0,7 
35.0,5.0,4,4,0,0,1,4,0,7 
31.0,1.0,4,4,1,1,1,4,0,7 
36.0,2.0,4,4,1,1,2,4,0,7 
36.0,3.0,4,4,1,1,1,4,0,7 
40.0,3.0,4,4,1,1,1,4,0,7 
46.0,4.0,4,4,1,1,1,4,0,7 
42.0,8.0,4,4,0,1,1,4,0,7 
39.0,4.0,4,4,1,0,1,4,0,7 
34.0,2.0,4,4,1,1,1,4,0,7 
36.0,3.0,4,4,1,1,1,4,0,7 
37.0,3.0,4,4,1,1,1,4,0,7 
36.0,4.0,4,4,0,1,1,4,0,7 
38.0,2.0,4,4,1,1,1,4,0,7 
31.0,3.0,4,4,0,0,4,4,0,7 
36.0,4.0,4,4,0,0,1,4,0,7 
47.0,8.0,4,4,1,1,1,4,0,7 
34.0,3.0,4,4,1,1,1,4,0,7 
21.0,1.0,4,4,1,1,1,4,0,7 
40.0,6.0,4,4,0,0,1,4,0,7 
37.0,3.0,4,4,1,1,1,4,0,7 
39.0,5.0,4,4,1,1,2,4,0,7 
48.0,4.0,4,4,0,1,1,4,0,7 
31.0,3.0,4,4,1,1,1,4,0,7 
44.0,5.0,4,4,1,0,1,4,0,7 
29.0,1.0,4,4,1,0,2,4,0,7 
33.0,4.0,4,4,1,1,1,4,0,7 
29.0,2.0,4,4,1,1,1,4,0,7 
35.0,2.0,4,4,1,0,1,4,0,7 
36.0,3.0,4,4,1,0,2,4,0,7 
32.0,2.0,4,4,1,0,1,4,0,7 
33.0,3.0,4,4,1,1,3,4,0,7 
47.0,6.0,4,4,1,0,1,4,0,7 
34.0,5.0,4,4,1,1,3,4,0,7 
27.0,3.0,4,4,1,1,1,4,0,7 
44.0,7.0,4,4,1,1,2,4,0,7 
25.0,1.0,4,4,1,1,1,4,0,7 
41.0,4.0,4,4,1,1,1,4,0,7 
24.0,1.0,4,4,1,0,1,4,0,7 
47.0,4.0,4,4,1,0,1,4,0,7 
37.0,5.0,4,4,1,1,3,4,0,7 
38.0,3.0,4,4,1,0,1,4,0,7 
27.0,1.0,4,4,0,0,1,4,0,7 
39.0,3.0,4,4,0,0,1,4,0,7 
41.0,4.0,4,4,0,0,2,4,0,7 
32.0,4.0,4,4,0,0,2,4,0,7 
41.0,4.0,4,4,0,0,2,4,0,7 
43.0,3.0,4,4,0,1,1,4,0,7 
43.0,6.0,4,4,1,1,1,4,0,7 
48.0,7.0,4,4,0,1,1,4,0,7 
24.0,1.0,4,4,1,1,1,4,0,7 
42.0,3.0,4,4,1,0,1,4,0,7 
39.0,3.0,4,4,1,1,1,4,0,7 
24.0,1.0,4,4,1,1,1,4,0,7 
29.0,2.0,4,4,1,1,3,4,0,7 
44.0,5.0,4,4,1,1,1,4,0,7 
44.0,4.0,4,4,1,1,1,4,0,7 
42.0,5.0,4,4,1,1,1,4,0,7 
44.0,3.0,4,4,1,1,1,4,0,7 
33.0,5.0,4,4,1,1,2,4,0,7 
45.0,3.0,4,4,0,1,2,4,0,7 
26.0,2.0,4,4,0,1,1,4,0,7 
35.0,3.0,4,4,0,0,3,4,0,7 
37.0,4.0,4,4,0,0,2,4,0,7 
46.0,3.0,4,4,0,0,1,4,0,7 
34.0,6.0,4,4,1,1,3,4,0,7 
37.0,4.0,4,4,1,1,1,4,0,7 
38.0,6.0,4,4,1,1,1,4,0,7 
46.0,4.0,4,4,1,1,1,4,0,7 
41.0,6.0,4,4,0,1,1,4,0,7 
41.0,7.0,4,4,1,1,2,4,0,7 
32.0,2.0,4,4,0,0,2,4,0,7 
44.0,4.0,4,4,1,1,1,4,0,7 
39.0,4.0,4,4,0,1,1,4,0,7 
39.0,5.0,4,4,1,1,1,4,0,7 
45.0,4.0,4,4,1,1,1,4,0,7 
33.0,3.0,4,4,1,1,1,4,0,7 
39.0,3.0,4,4,0,1,1,4,0,7 
44.0,3.0,4,4,1,0,1,4,0,7 
41.0,4.0,4,4,1,0,1,4,0,7 
24.0,1.0,4,4,1,0,1,4,0,7 
36.0,2.0,4,4,1,0,1,4,0,7 
29.0,2.0,4,4,1,1,3,4,0,7 
43.0,3.0,4,4,1,1,1,4,0,7 
35.0,2.0,4,4,1,1,2,4,0,7 
30.0,1.0,4,4,1,1,1,4,0,7 
33.0,5.0,4,4,1,1,1,4,0,7 
35.0,4.0,4,4,1,1,1,4,0,7 
35.0,1.0,4,4,0,1,1,4,0,7 
40.0,2.0,4,4,0,0,1,4,0,7 
36.0,4.0,4,4,0,1,1,4,0,7 
42.0,7.0,4,4,1,1,2,4,0,7 
27.0,2.0,4,4,1,1,1,4,0,7 
25.0,3.0,4,4,1,1,1,4,0,7 
43.0,3.0,4,4,1,1,1,4,0,7 
32.0,3.0,4,4,0,1,1,4,0,7 
41.0,5.0,4,4,1,1,1,4,0,7 
32.0,3.0,4,4,0,1,1,4,0,7 
46.0,4.0,4,4,1,1,1,4,0,7 
32.0,3.0,4,4,1,1,1,4,0,7 
32.0,2.0,4,4,0,0,1,4,0,7 
44.0,11.0,4,4,1,1,1,4,0,7 
24.0,2.0,4,4,1,1,1,4,0,7 
39.0,3.0,4,4,1,1,2,4,0,7 
35.0,4.0,4,4,1,1,1,4,0,7 
35.0,6.0,4,4,1,1,1,4,0,7 
44.0,8.0,4,4,1,1,2,4,0,7 
34.0,3.0,4,4,1,1,1,4,0,7 
32.0,2.0,4,4,1,0,3,4,0,7 
37.0,3.0,4,4,1,0,1,4,0,7 
32.0,3.0,4,4,1,0,1,4,0,7 
37.0,3.0,4,4,1,1,2,4,0,7 
40.0,4.0,4,4,1,1,1,4,0,7 
38.0,6.0,4,4,1,1,2,4,0,7 
36.0,4.0,4,4,1,1,1,4,0,7 
34.0,2.0,4,4,1,1,1,4,0,7 
28.0,5.0,4,4,1,1,2,4,0,7 
37.0,3.0,4,4,1,1,2,4,0,7 
35.0,2.0,4,4,1,0,1,4,0,7 
35.0,3.0,4,4,1,1,1,4,0,7 
22.0,1.0,4,4,1,0,2,4,0,7 
37.0,6.0,4,4,1,0,3,4,0,7 
23.0,2.0,4,4,1,0,2,4,0,7 
41.0,8.0,4,4,1,1,1,4,0,7 
29.0,3.0,4,4,1,0,1,4,0,7 
42.0,5.0,4,4,1,1,1,4,0,7 
27.0,2.0,4,4,1,1,3,4,0,7 
30.0,3.0,4,4,0,0,2,4,0,7 
39.0,2.0,4,4,0,1,3,4,0,7 
38.0,2.0,4,4,1,0,1,4,0,7 
43.0,5.0,4,4,1,1,1,4,0,7 
28.0,2.0,4,4,1,1,1,4,0,7 
36.0,3.0,4,4,0,0,2,4,0,7 
26.0,2.0,4,4,1,0,1,4,0,7 
41.0,5.0,4,4,1,1,1,4,0,7 
46.0,4.0,4,4,0,1,1,4,0,7 
28.0,3.0,4,4,0,0,3,4,0,7 
32.0,3.0,4,4,1,0,1,4,0,7 
32.0,4.0,4,4,1,0,1,4,0,7 
31.0,3.0,4,4,1,0,1,4,0,7 
38.0,2.0,4,4,1,1,3,4,0,7 
31.0,1.0,4,4,1,1,1,4,0,7 
30.0,2.0,4,4,1,1,1,4,0,7 
31.0,3.0,4,4,1,1,1,4,0,7 
29.0,3.0,4,4,1,1,3,4,0,7 
45.0,3.0,4,4,1,1,1,4,0,7 
33.0,2.0,4,4,1,1,2,4,0,7 
32.0,3.0,4,4,1,0,1,4,0,7 
35.0,4.0,4,4,0,0,1,4,0,7 
25.0,1.0,4,4,1,1,1,4,0,7 
31.0,3.0,4,4,1,1,4,4,0,7 
25.0,1.0,4,4,1,1,1,4,0,7 
25.0,0.0,4,4,1,0,3,4,0,7 
23.0,0.0,4,4,1,0,1,4,0,7 
49.0,1.0,4,4,1,1,3,4,0,7 
27.0,1.0,4,4,0,0,2,4,0,7 
33.0,2.0,4,4,0,1,1,4,0,7 
42.0,1.0,4,4,1,1,2,4,0,7 
48.0,4.0,4,4,0,1,1,4,0,7 
42.0,3.0,4,4,1,1,1,4,0,7 
37.0,2.0,4,4,1,1,1,4,0,7 
22.0,0.0,4,4,1,0,2,4,0,7 
25.0,1.0,4,4,1,1,1,4,0,7 
42.0,1.0,4,4,1,0,1,4,0,7 
30.0,4.0,4,4,1,1,2,4,0,7 
43.0,3.0,4,4,0,1,2,4,0,7 
49.0,6.0,4,4,0,0,1,4,0,7 
30.0,1.0,4,4,1,0,1,4,0,7 
35.0,5.0,4,4,1,1,1,4,0,7 
27.0,2.0,4,4,1,0,1,4,0,7 
26.0,3.0,4,4,1,1,1,4,0,7 
35.0,3.0,4,4,1,1,1,4,0,7 
26.0,0.0,4,4,1,1,3,4,0,7 
28.0,5.0,4,4,1,1,1,4,0,7 
42.0,3.0,4,4,1,0,1,4,0,7 
48.0,1.0,4,4,0,1,1,4,0,7 
32.0,3.0,4,4,1,1,1,4,0,7 
45.0,1.0,4,4,1,0,1,4,0,7 
45.0,1.0,4,4,1,1,1,4,0,7 
24.0,4.0,4,4,1,1,1,4,0,7 
32.0,1.0,4,4,0,1,1,4,0,7 
42.0,0.0,4,4,0,0,3,4,0,7 
28.0,3.0,4,4,0,0,1,4,0,7 
45.0,1.0,4,4,1,1,1,4,0,7 
47.0,1.0,4,4,1,1,1,4,0,7 
28.0,5.0,4,4,1,0,3,4,0,7 
27.0,3.0,4,4,1,1,1,4,0,7 
46.0,6.0,4,4,1,1,1,4,0,7 
31.0,0.0,4,4,0,0,2,4,0,7 
42.0,4.0,4,4,1,1,3,4,0,7 
35.0,3.0,4,4,1,1,1,4,0,7 
36.0,3.0,4,4,1,0,1,4,0,7 
40.0,4.0,4,4,1,1,1,4,0,7 
35.0,5.0,4,4,1,0,1,4,0,7 
45.0,3.0,4,4,1,1,1,4,0,7 
28.0,2.0,4,4,0,1,1,4,0,7 
34.0,4.0,4,4,1,1,2,4,0,7 
29.0,3.0,4,4,1,1,1,4,0,7 
41.0,8.0,4,4,1,1,1,4,0,7 
21.0,1.0,4,4,1,1,1,4,0,7 
37.0,7.0,4,4,1,1,1,4,0,7 
47.0,4.0,4,4,0,1,2,4,0,7 
25.0,1.0,4,4,1,0,1,4,0,7 
45.0,3.0,4,4,1,1,1,4,0,7 
37.0,4.0,4,4,1,1,1,4,0,7 
37.0,3.0,4,4,1,1,3,4,0,7 
35.0,5.0,4,4,1,1,2,4,0,7 
41.0,4.0,4,4,0,0,2,4,0,7 
32.0,2.0,4,4,1,0,3,4,0,7 
39.0,3.0,4,4,0,1,2,4,0,7 
42.0,3.0,4,4,1,0,1,4,0,7 
27.0,1.0,4,4,1,1,1,4,0,7 
23.0,1.0,4,4,1,0,3,4,0,7 
35.0,5.0,4,4,1,1,1,4,0,7 
48.0,3.0,4,4,0,1,1,4,0,7 
38.0,4.0,4,4,1,1,2,4,0,7 
48.0,7.0,4,4,1,0,1,4,0,7 
34.0,3.0,4,4,1,0,3,4,0,7 
42.0,4.0,4,4,0,0,2,4,0,7 
38.0,3.0,4,4,0,0,2,4,0,7 
41.0,6.0,4,4,1,1,1,4,0,7 
43.0,5.0,4,4,0,1,1,4,0,7 
41.0,4.0,4,4,0,1,1,4,0,7 
36.0,3.0,4,4,1,1,1,4,0,7 
39.0,3.0,4,4,1,0,1,4,0,7 
43.0,5.0,4,4,0,1,1,4,0,7 
31.0,5.0,4,4,1,0,1,4,0,7 
26.0,1.0,4,4,1,0,2,4,0,7 
43.0,2.0,4,4,1,1,1,4,0,7 
24.0,1.0,4,4,1,1,1,4,0,7 
44.0,5.0,4,4,1,0,1,4,0,7 
33.0,2.0,4,4,1,0,1,4,0,7 
37.0,1.0,4,4,0,1,1,4,0,7 
36.0,3.0,4,4,1,1,1,4,0,7 
28.0,1.0,4,4,1,1,2,4,0,7 
31.0,2.0,4,4,0,1,1,4,0,7 
38.0,4.0,4,4,1,0,1,4,0,7 
33.0,3.0,4,4,0,0,2,4,0,7 
36.0,3.0,4,4,1,1,2,4,0,7 
28.0,4.0,4,4,1,1,3,4,0,7 
44.0,5.0,4,4,1,1,3,4,0,7 
34.0,2.0,4,4,0,1,1,4,0,7 
31.0,4.0,4,4,1,0,3,4,0,7 
27.0,2.0,4,4,0,0,2,4,0,7 
26.0,1.0,4,4,0,0,2,4,0,7 
37.0,6.0,4,4,1,1,1,4,0,7 
27.0,1.0,4,4,1,1,1,4,0,7 
28.0,1.0,4,4,0,0,2,4,0,7 
42.0,3.0,4,4,0,1,2,4,0,7 
34.0,2.0,4,4,0,0,2,4,0,7 
37.0,5.0,4,4,0,0,2,4,0,7 
29.0,3.0,4,4,1,1,1,4,0,7 
33.0,2.0,4,4,1,0,2,4,0,7 
33.0,3.0,4,4,1,1,1,4,0,7 
49.0,7.0,4,4,0,1,2,4,0,7 
24.0,0.0,4,4,0,1,1,4,0,7 
44.0,5.0,4,4,0,1,2,4,0,7 
35.0,2.0,4,4,0,1,3,4,0,7 
27.0,1.0,4,4,0,1,3,4,0,7 
23.0,0.0,4,4,0,1,2,4,0,7 
28.0,1.0,4,4,0,1,2,4,0,7 
26.0,1.0,4,4,0,1,2,4,0,7 
36.0,4.0,4,4,0,1,2,4,0,7 
36.0,3.0,4,4,0,1,2,4,0,7 
37.0,3.0,4,4,0,1,3,4,0,7 
30.0,1.0,4,4,0,1,2,4,0,7 
41.0,5.0,4,4,0,1,2,4,0,7 
48.0,6.0,4,4,0,1,2,4,0,7 
38.0,4.0,4,4,0,1,3,4,0,7 
31.0,3.0,4,4,0,1,2,4,0,7 
25.0,1.0,4,4,0,1,1,4,0,7 
27.0,1.0,4,4,0,1,3,4,0,7 
36.0,3.0,4,4,0,1,3,4,0,7 
35.0,3.0,4,4,0,1,3,4,0,7 
28.0,2.0,4,4,0,1,2,4,0,7 
37.0,3.0,4,4,0,1,3,4,0,7 
36.0,3.0,4,4,0,1,2,4,0,7 
25.0,0.0,4,4,0,1,2,4,0,7 
23.0,1.0,4,4,0,1,1,4,0,7 
33.0,3.0,4,4,0,1,2,4,0,7 
37.0,4.0,4,4,0,1,2,4,0,7 
42.0,5.0,4,4,0,1,2,4,0,7 
36.0,3.0,4,4,0,1,3,4,0,7 
23.0,2.0,4,4,1,1,2,4,0,7 
22.0,0.0,4,4,1,1,2,4,0,7 
23.0,1.0,4,4,1,1,3,4,0,7 
25.0,2.0,4,4,1,1,2,4,0,7 
24.0,1.0,4,4,1,1,3,4,0,7 
17.0,1.0,4,4,1,1,2,4,0,7 
26.0,4.0,4,4,1,1,3,4,0,7 
23.0,2.0,4,4,1,1,3,4,0,7 
26.0,3.0,4,4,1,1,3,4,0,7 
19.0,2.0,4,4,1,1,1,4,0,7 
19.0,1.0,4,4,1,1,2,4,0,7 
27.0,3.0,4,4,1,1,3,4,1,7 
25.0,2.0,4,4,1,1,2,4,0,7 
25.0,1.0,4,4,1,1,3,4,0,7 
21.0,1.0,4,4,1,1,3,4,0,7 
24.0,1.0,4,4,1,1,2,4,0,7 
24.0,2.0,4,4,1,1,2,4,0,7 
22.0,1.0,4,4,1,1,2,4,0,7 
22.0,2.0,4,4,1,1,3,4,0,7 
21.0,1.0,4,4,0,1,2,4,0,7 
48.0,16.0,4,4,1,1,1,4,0,7 
20.0,0.0,4,4,0,0,2,4,0,7 
19.0,0.0,4,4,0,1,3,4,0,7 
42.0,1.0,2,4,1,0,3,3,0,8 
38.0,2.0,3,4,1,1,2,3,0,8 
40.0,8.0,2,4,1,1,3,3,0,8 
26.0,0.0,2,4,1,0,1,2,0,8 
48.0,2.0,2,4,1,1,1,3,0,8 
40.0,8.0,3,4,1,1,3,3,0,8 
36.0,5.0,2,4,1,1,2,3,0,8 
27.0,1.0,2,4,1,0,1,3,0,8 
27.0,3.0,2,4,1,0,3,2,0,8 
23.0,2.0,2,4,1,1,3,3,0,8 
44.0,4.0,3,4,1,0,1,3,0,8 
44.0,1.0,3,4,1,1,1,3,0,8 
26.0,2.0,3,4,1,1,3,3,0,8 
32.0,4.0,2,4,1,1,3,2,0,8 
31.0,3.0,3,4,1,0,3,2,0,8 
32.0,2.0,2,4,1,1,3,3,0,8 
22.0,0.0,2,4,1,1,3,3,0,8 
31.0,0.0,3,4,1,0,2,3,0,8 
27.0,0.0,3,4,1,1,3,3,0,8 
26.0,1.0,2,4,1,1,1,3,0,8 
31.0,5.0,2,4,1,1,3,2,0,8 
23.0,4.0,2,4,1,1,3,3,0,8 
47.0,3.0,3,4,1,1,2,3,0,8 
32.0,5.0,2,4,1,1,2,3,0,8 
38.0,5.0,2,4,1,1,3,3,0,8 
29.0,4.0,3,4,1,0,1,3,0,8 
37.0,3.0,3,4,1,1,1,3,0,8 
44.0,4.0,2,4,1,1,3,3,0,8 
26.0,2.0,2,4,1,1,1,3,0,8 
24.0,2.0,2,4,1,1,3,3,0,8 
29.0,3.0,2,4,1,0,3,3,0,8 
38.0,3.0,3,4,1,1,3,2,0,8 
29.0,3.0,2,4,1,1,3,3,0,8 
39.0,2.0,3,4,1,1,1,3,0,8 
34.0,4.0,2,4,1,1,3,3,0,8 
34.0,7.0,2,4,1,1,2,3,0,8 
27.0,1.0,2,4,1,1,3,3,0,8 
33.0,4.0,3,4,1,1,3,3,0,8 
48.0,3.0,3,4,1,1,2,3,0,8 
30.0,4.0,3,4,1,1,3,3,0,8 
27.0,4.0,3,4,1,1,3,3,0,8 
25.0,3.0,2,4,1,1,3,3,0,8 
25.0,3.0,2,4,1,1,3,2,0,8 
26.0,2.0,3,4,1,1,3,3,0,8 
37.0,3.0,2,4,1,1,2,3,0,8 
26.0,3.0,3,4,1,1,3,3,0,8 
29.0,2.0,2,4,1,1,3,2,0,8 
24.0,2.0,3,4,1,1,3,3,0,8 
29.0,4.0,3,4,1,0,1,3,0,8 
22.0,1.0,2,4,1,1,3,3,0,8 
45.0,2.0,3,4,0,1,3,3,0,8 
31.0,4.0,3,4,1,0,3,3,0,8 
31.0,2.0,3,4,1,1,3,3,0,8 
38.0,3.0,2,4,1,1,1,3,0,8 
41.0,1.0,2,4,1,1,2,3,0,8 
28.0,0.0,3,4,1,0,1,3,0,8 
24.0,0.0,3,4,1,0,2,3,0,8 
24.0,1.0,3,4,1,0,3,3,0,8 
45.0,0.0,3,4,1,1,1,3,0,8 
45.0,8.0,2,4,1,1,2,3,0,8 
45.0,0.0,3,4,1,1,1,3,0,8 
27.0,0.0,3,4,1,0,3,3,0,8 
47.0,2.0,2,4,1,1,3,2,1,8 
27.0,0.0,3,4,1,1,3,3,0,8 
48.0,8.0,3,4,1,1,3,3,0,8 
26.0,2.0,3,4,1,1,3,3,0,8 
34.0,4.0,3,4,1,1,3,3,0,8 
26.0,3.0,2,4,1,1,1,3,0,8 
24.0,3.0,2,4,1,1,3,3,0,8 
29.0,4.0,2,4,1,1,3,2,0,8 
29.0,5.0,3,4,1,1,3,3,0,8 
28.0,7.0,2,4,1,1,3,3,0,8 
30.0,3.0,3,4,1,1,3,3,0,8 
25.0,2.0,3,4,1,1,3,3,0,8 
34.0,6.0,2,4,1,1,3,3,0,8 
37.0,4.0,2,4,1,0,2,3,0,8 
25.0,3.0,2,4,1,1,1,3,0,8 
21.0,0.0,3,4,1,1,2,3,0,8 
21.0,1.0,3,4,1,1,2,3,0,8 
21.0,0.0,3,4,1,1,1,3,0,8 
31.0,2.0,3,4,1,1,1,2,1,8 
25.0,0.0,3,4,1,1,1,3,0,8 
25.0,1.0,2,4,1,1,2,2,0,8 
35.0,5.0,3,4,1,0,2,2,0,8 
40.0,1.0,3,4,1,1,1,2,0,8 
26.0,3.0,3,4,1,1,3,2,0,8 
27.0,2.0,3,4,1,0,2,2,0,8 
28.0,0.0,3,4,1,1,3,2,0,8 
19.0,1.0,3,4,1,1,2,3,0,8 
49.0,6.0,2,4,0,1,2,3,0,8 
23.0,2.0,3,4,1,0,2,3,0,8 
35.0,1.0,3,4,0,1,2,3,0,8 
22.0,2.0,3,4,1,1,2,3,0,8 
16.0,1.0,3,4,1,1,3,3,0,8 
38.0,5.0,2,4,0,1,2,2,0,8 
25.0,3.0,3,4,1,1,2,3,0,8 
20.0,1.0,3,4,1,1,3,2,0,8 
32.0,7.0,3,4,0,1,1,3,0,8 
47.0,11.0,3,4,1,0,2,3,0,8 
35.0,5.0,3,4,1,0,1,3,1,8 
33.0,5.0,3,4,0,1,3,3,0,8 
43.0,13.0,2,4,1,1,2,3,0,8 
31.0,4.0,3,4,1,1,1,3,0,8 
36.0,7.0,3,4,1,1,2,2,0,8 
41.0,5.0,3,4,1,1,1,3,0,8 
43.0,5.0,3,4,1,1,3,2,1,8 
34.0,2.0,3,4,0,1,2,3,0,8 
35.0,3.0,3,4,1,1,2,2,0,8 
32.0,5.0,3,4,1,1,1,2,0,8 
40.0,5.0,3,4,1,1,1,2,0,8 
20.0,2.0,3,4,1,1,1,3,0,8 
34.0,4.0,3,4,1,1,1,3,0,8 
27.0,2.0,3,4,1,1,3,2,0,8 
19.0,1.0,2,4,1,1,2,3,0,8 
23.0,1.0,3,4,1,1,2,3,0,8 
26.0,4.0,3,4,1,1,2,3,0,8 
22.0,3.0,3,4,1,1,2,3,0,8 
30.0,3.0,3,4,1,1,2,3,0,8 
40.0,6.0,3,4,1,1,1,3,0,8 
28.0,2.0,3,4,1,1,2,3,0,8 
29.0,5.0,3,4,1,1,1,2,0,8 
26.0,2.0,3,4,1,1,1,3,0,8 
21.0,2.0,3,4,1,1,3,3,0,8 
29.0,3.0,3,4,1,1,3,2,0,8 
38.0,7.0,3,4,1,1,3,2,0,8 
21.0,1.0,3,4,1,1,3,2,0,8 
22.0,1.0,3,4,1,1,3,3,0,8 
33.0,6.0,3,4,1,1,3,2,0,8 
30.0,2.0,3,4,1,1,1,2,0,8 
27.0,2.0,3,4,1,1,1,3,0,8 
32.0,4.0,3,4,1,1,3,2,0,8 
24.0,4.0,3,4,1,1,2,3,0,8 
26.0,3.0,3,4,1,1,3,2,0,8 
20.0,0.0,3,4,1,1,3,3,0,8 
43.0,10.0,3,4,1,1,3,3,0,8 
35.0,6.0,3,4,1,0,2,2,0,8 
28.0,1.0,3,4,0,1,2,2,0,8 
34.0,4.0,3,4,1,1,1,3,0,8 
27.0,2.0,3,4,1,1,1,3,0,8 
29.0,2.0,3,4,1,1,1,3,0,8 
48.0,5.0,3,4,1,1,2,3,0,8 
21.0,0.0,2,4,1,1,2,2,0,8 
20.0,2.0,3,4,1,1,3,3,0,8 
20.0,1.0,3,4,1,1,3,2,0,8 
20.0,2.0,3,4,1,1,3,2,0,8 
18.0,1.0,3,4,1,1,3,3,0,8 
30.0,4.0,3,4,0,1,2,3,0,8 
26.0,1.0,3,4,0,1,2,2,0,8 
22.0,2.0,3,4,1,1,3,3,0,8 
20.0,0.0,3,4,1,1,3,3,0,8 
29.0,1.0,3,4,0,1,2,3,0,8 
24.0,2.0,3,4,1,1,2,2,0,8 
26.0,3.0,3,4,1,1,2,3,0,8 
38.0,7.0,3,4,0,1,2,3,0,8 
29.0,3.0,3,4,1,1,1,3,0,8 
29.0,3.0,3,4,1,1,1,3,0,8 
44.0,6.0,3,4,1,1,3,2,0,8 
28.0,2.0,3,4,0,1,2,3,0,8 
28.0,2.0,3,4,0,1,3,3,0,8 
42.0,5.0,2,4,0,1,2,3,0,8 
17.0,1.0,3,4,1,1,3,3,0,8 
30.0,3.0,3,4,0,1,3,3,0,8 
42.0,10.0,3,4,1,0,3,2,0,8 
21.0,3.0,2,4,1,1,3,2,0,8 
35.0,4.0,2,4,0,1,3,2,0,8 
22.0,2.0,2,4,1,1,3,2,0,8 
20.0,0.0,2,4,1,1,3,2,0,8 
24.0,5.0,3,4,1,1,1,2,1,8 
26.0,0.0,2,4,1,1,4,1,0,9 
26.0,1.0,3,4,1,0,4,1,0,9 
24.0,0.0,3,4,1,0,3,1,0,9 
37.0,7.0,3,4,1,1,2,1,0,9 
24.0,1.0,2,4,1,1,3,1,0,9 
28.0,1.0,3,4,1,1,3,1,1,9 
18.0,0.0,3,4,1,0,3,1,0,9 
26.0,0.0,2,4,1,1,3,1,0,9 
21.0,0.0,3,4,1,0,3,1,0,9 
25.0,1.0,3,4,1,1,2,1,0,9 
21.0,2.0,2,4,1,1,3,1,0,9 
28.0,3.0,3,4,1,1,2,1,0,9 
18.0,1.0,3,4,1,1,3,1,0,9 
27.0,4.0,2,4,1,1,2,1,0,9 
31.0,5.0,3,4,1,1,3,1,0,9 
17.0,1.0,3,4,1,1,2,1,0,9 
27.0,1.0,2,4,1,0,1,1,0,9 
25.0,3.0,3,4,1,1,1,1,0,9 
28.0,0.0,2,4,1,1,3,1,0,9 
24.0,4.0,3,4,1,1,3,1,0,9 
21.0,3.0,3,4,1,1,3,1,0,9 
23.0,4.0,3,4,1,1,3,1,1,9 
48.0,3.0,3,4,1,1,3,1,0,9 
34.0,4.0,3,4,0,1,3,1,1,9 
48.0,7.0,1,1,1,1,2,4,0,10 
40.0,2.0,1,1,1,0,3,4,0,10 
47.0,1.0,1,1,1,1,3,4,0,10 
26.0,2.0,1,1,1,1,3,4,0,10 
47.0,8.0,1,1,1,1,3,4,1,10 
31.0,2.0,3,4,1,1,1,4,0,11 
23.0,2.0,3,4,1,1,3,4,0,11 
45.0,3.0,3,4,1,1,1,4,0,11 
24.0,1.0,2,4,1,0,4,4,0,11 
27.0,4.0,2,4,1,1,1,4,0,11 
46.0,6.0,2,4,1,1,1,4,0,11 
30.0,2.0,2,4,1,1,3,4,0,11 
44.0,2.0,3,4,1,1,1,4,1,11 
37.0,1.0,3,4,1,1,2,4,0,11 
49.0,5.0,3,4,1,1,1,4,0,11 
20.0,0.0,3,4,1,0,2,4,0,11 
22.0,1.0,2,4,1,1,2,4,0,11 
32.0,0.0,2,4,1,0,3,4,0,11 
30.0,4.0,2,4,1,0,1,4,0,11 
36.0,6.0,3,4,1,1,2,4,0,11 
36.0,2.0,2,4,1,0,2,4,0,11 
32.0,4.0,3,4,1,1,1,4,0,11 
38.0,2.0,3,4,0,1,2,4,0,11 
45.0,6.0,3,4,1,1,2,4,0,11 
28.0,1.0,3,4,1,1,3,4,0,11 
44.0,6.0,3,4,1,1,3,4,0,11 
49.0,6.0,3,4,1,1,1,4,0,11 
49.0,9.0,3,4,1,1,1,4,0,11 
24.0,2.0,2,4,1,1,3,4,0,11 
39.0,6.0,3,4,1,1,1,4,0,11 
45.0,2.0,3,4,0,1,1,4,0,11 
39.0,1.0,3,4,0,1,3,4,0,11 
32.0,1.0,3,4,0,1,2,4,0,11 
45.0,3.0,3,4,0,1,3,4,0,11 
23.0,2.0,2,4,1,1,1,4,0,11 
22.0,4.0,2,4,1,1,3,4,0,11 
39.0,3.0,3,4,1,1,1,4,0,11 
28.0,1.0,2,4,1,0,3,4,0,11 
30.0,5.0,3,4,1,1,1,4,0,11 
42.0,2.0,2,4,1,1,3,4,0,11 
25.0,6.0,2,4,1,1,3,4,0,11 
30.0,3.0,2,4,1,1,3,4,0,11 
18.0,1.0,3,4,1,1,3,4,0,11 
30.0,1.0,2,4,1,0,3,4,0,11 
20.0,1.0,3,4,1,1,2,4,0,11 
42.0,8.0,2,4,1,1,1,4,0,11 
26.0,3.0,3,4,1,1,3,4,0,11 
22.0,1.0,3,4,1,1,4,4,0,11 
43.0,2.0,3,4,1,0,2,4,0,11 
30.0,2.0,3,4,1,1,1,4,0,11 
36.0,4.0,3,4,0,0,2,4,0,11 
40.0,2.0,3,4,0,1,3,4,0,11 
36.0,3.0,3,4,0,0,3,4,0,11 
33.0,3.0,3,4,0,1,2,4,0,11 
30.0,7.0,3,4,1,1,2,4,0,11 
25.0,3.0,2,4,1,1,1,4,1,11 
27.0,1.0,2,4,1,1,1,4,0,11 
33.0,8.0,3,4,1,1,3,4,0,11 
37.0,5.0,3,4,1,0,2,4,0,11 
27.0,3.0,2,4,1,1,4,4,0,11 
33.0,3.0,2,4,1,1,2,4,0,11 
26.0,3.0,2,4,1,1,3,4,0,11 
24.0,3.0,3,4,1,1,1,4,0,11 
26.0,3.0,2,4,1,1,3,4,0,11 
33.0,4.0,3,4,1,0,2,4,0,11 
40.0,3.0,3,4,1,0,1,4,0,11 
35.0,4.0,3,4,1,1,1,4,0,11 
24.0,2.0,2,4,1,1,1,4,0,11 
48.0,8.0,3,4,1,0,1,4,0,11 
44.0,5.0,3,4,1,0,1,4,0,11 
33.0,3.0,2,4,1,1,3,4,0,11 
29.0,4.0,2,4,1,0,2,4,0,11 
28.0,2.0,3,4,1,1,3,4,0,11 
24.0,1.0,3,4,1,1,3,4,0,11 
22.0,1.0,3,4,1,0,1,4,0,11 
28.0,5.0,3,4,1,1,2,4,0,11 
28.0,4.0,2,4,1,1,3,4,0,11 
35.0,5.0,3,4,1,1,1,4,0,11 
22.0,1.0,3,4,0,0,1,4,0,11 
25.0,3.0,3,4,1,0,3,4,0,11 
35.0,6.0,2,4,1,1,3,4,0,11 
22.0,2.0,3,4,0,1,3,4,0,11 
32.0,5.0,3,4,0,1,3,4,0,11 
37.0,3.0,3,4,0,1,3,4,0,11 
37.0,4.0,3,4,0,1,2,4,0,11 
27.0,4.0,2,4,1,1,3,4,0,11 
25.0,3.0,3,4,1,1,3,4,0,11 
26.0,4.0,3,4,1,1,2,4,0,11 
36.0,8.0,2,4,1,1,1,4,0,11 
20.0,1.0,3,4,0,1,2,4,0,11 
35.0,5.0,3,4,1,1,1,4,0,11 
22.0,2.0,3,4,1,1,2,4,0,11 
28.0,3.0,3,4,1,1,1,4,0,11 
34.0,3.0,3,4,0,0,3,4,0,11 
46.0,9.0,3,4,1,1,3,4,0,11 
26.0,3.0,2,4,1,1,3,4,0,11 
29.0,4.0,3,4,1,1,1,4,0,11 
32.0,0.0,3,4,1,1,3,4,0,11 
29.0,0.0,2,4,1,0,3,4,0,11 
37.0,7.0,3,4,1,1,3,4,0,11 
24.0,2.0,3,4,1,1,2,4,0,11 
28.0,0.0,3,4,1,0,3,4,0,11 
37.0,4.0,3,4,1,0,2,4,0,11 
48.0,11.0,3,4,1,1,1,4,0,11 
22.0,1.0,2,4,1,1,3,4,0,11 
31.0,3.0,3,4,0,0,2,4,0,11 
43.0,2.0,3,4,0,1,3,4,0,11 
41.0,3.0,3,4,0,1,2,4,0,11 
48.0,4.0,3,4,0,1,2,4,0,11 
16.0,1.0,2,4,1,1,3,4,0,11 
22.0,0.0,3,4,1,0,3,4,0,11 
29.0,2.0,3,4,1,1,3,4,0,11 
37.0,0.0,3,4,1,1,3,4,0,11 
31.0,2.0,3,4,1,1,1,4,0,11 
49.0,4.0,3,4,1,1,3,4,0,11 
28.0,3.0,3,4,1,1,1,4,0,11 
26.0,2.0,2,4,1,1,1,4,0,11 
34.0,3.0,3,4,0,1,1,4,0,11 
29.0,2.0,3,4,1,1,1,4,0,11 
21.0,3.0,3,4,1,1,1,4,0,11 
26.0,3.0,3,4,1,1,1,4,0,11 
33.0,2.0,3,4,1,1,1,4,0,11 
41.0,3.0,3,4,0,1,2,4,0,11 
39.0,5.0,3,4,1,1,3,4,0,11 
32.0,3.0,2,4,1,1,3,4,0,11 
35.0,4.0,3,4,1,0,1,4,0,11 
46.0,4.0,3,4,1,0,3,4,0,11 
21.0,1.0,3,4,1,0,3,4,0,11 
25.0,2.0,2,4,1,1,2,4,0,11 
25.0,3.0,3,4,1,1,2,4,0,11 
26.0,2.0,3,4,1,0,2,4,0,11 
25.0,2.0,3,4,1,0,2,4,0,11 
27.0,4.0,3,4,1,1,3,4,0,11 
37.0,5.0,2,4,1,1,1,4,0,11 
30.0,3.0,3,4,1,1,3,4,0,11 
36.0,9.0,3,4,1,1,3,4,0,11 
32.0,5.0,2,4,1,1,3,4,0,11 
32.0,5.0,3,4,0,1,1,4,0,11 
31.0,5.0,3,4,1,1,1,4,0,11 
42.0,6.0,2,4,1,1,2,4,0,11 
40.0,3.0,2,4,0,1,3,4,0,11 
34.0,6.0,2,4,1,0,3,4,0,11 
45.0,2.0,2,4,1,0,2,4,0,11 
29.0,2.0,2,4,1,0,4,4,1,11 
36.0,11.0,2,4,1,1,1,4,1,11 
35.0,3.0,2,4,0,0,3,4,1,11 
33.0,2.0,2,2,1,1,3,1,0,12 
22.0,1.0,2,3,1,1,2,1,0,12 
30.0,3.0,2,3,1,1,3,1,0,12 
29.0,1.0,2,3,1,1,1,1,0,12 
24.0,3.0,2,2,1,0,2,1,0,12 
25.0,0.0,2,3,1,1,2,1,0,12 
26.0,3.0,2,2,1,1,2,1,0,12 
17.0,3.0,2,2,1,1,3,1,0,12 
27.0,5.0,2,3,1,1,2,1,0,12 
29.0,2.0,2,3,1,1,3,1,0,12 
26.0,3.0,2,3,1,1,3,1,0,12 
22.0,2.0,2,2,1,1,3,1,0,12 
49.0,8.0,2,2,1,0,3,1,0,12 
36.0,4.0,2,3,1,1,3,1,1,12 
25.0,3.0,2,2,1,0,3,1,0,12 
22.0,2.0,2,3,1,1,3,1,0,12 
38.0,7.0,3,3,1,1,3,1,0,12 
25.0,1.0,3,3,1,1,3,1,0,12 
19.0,2.0,2,2,1,1,3,1,0,12 
24.0,2.0,2,2,1,1,3,1,1,12 
32.0,1.0,2,2,1,1,2,1,0,12 
25.0,2.0,2,2,1,1,3,1,0,12 
25.0,1.0,3,3,1,1,3,1,0,12 
33.0,5.0,2,3,1,0,2,1,0,12 
27.0,5.0,2,2,1,1,3,1,0,12 
30.0,6.0,2,2,1,1,3,1,0,12 
25.0,1.0,2,3,1,1,3,1,0,12 
30.0,4.0,2,2,1,1,2,1,0,12 
29.0,4.0,2,3,1,1,2,1,0,12 
22.0,2.0,3,2,1,1,2,1,0,12 
20.0,1.0,2,3,1,1,2,1,0,12 
24.0,2.0,2,3,1,1,2,1,0,12 
29.0,3.0,3,3,1,1,2,1,0,12 
32.0,8.0,2,2,1,1,2,1,0,12 
33.0,7.0,2,3,1,0,3,1,0,12 
23.0,2.0,2,3,1,1,3,1,0,12 
30.0,3.0,3,3,1,1,3,1,0,12 
25.0,2.0,2,3,1,1,3,1,0,12 
31.0,3.0,3,3,1,1,3,1,1,12 
25.0,1.0,2,2,1,1,3,1,0,12 
35.0,6.0,2,2,1,0,3,1,1,12 
47.0,4.0,2,2,1,1,3,1,0,12 
28.0,1.0,2,3,1,1,3,1,0,12 
24.0,2.0,2,3,1,1,3,1,0,12 
30.0,1.0,2,3,1,1,2,1,0,12 
45.0,7.0,2,2,1,1,3,1,1,12 
18.0,1.0,3,2,1,1,3,1,0,12 
22.0,1.0,2,2,1,1,3,1,1,12 
47.0,5.0,2,3,1,1,1,1,0,12 
30.0,5.0,2,3,1,1,3,1,1,12 
16.0,1.0,2,3,1,1,3,1,0,12 
21.0,1.0,3,2,1,1,3,1,1,12 
32.0,4.0,3,3,1,1,2,1,0,12 
22.0,2.0,3,3,1,1,3,1,0,12 
21.0,1.0,3,3,1,1,3,1,0,12 
25.0,1.0,2,3,1,0,2,1,0,12 
31.0,3.0,3,3,1,1,2,1,1,12 
24.0,3.0,3,3,1,0,2,1,0,12 
19.0,1.0,3,3,1,1,2,1,0,12 
25.0,3.0,3,3,1,1,2,1,0,12 
25.0,1.0,3,3,1,1,2,1,0,12 
31.0,6.0,3,3,0,1,3,1,0,12 
47.0,12.0,2,3,1,1,3,1,0,12 
44.0,9.0,3,3,1,1,1,1,0,12 
43.0,8.0,1,2,1,0,3,1,0,13 
27.0,4.0,1,2,1,1,3,1,1,13 
48.0,8.0,1,2,1,1,3,1,0,13 
30.0,4.0,1,2,1,1,4,1,0,13 
43.0,8.0,1,3,1,1,3,1,0,13 
40.0,6.0,1,2,1,1,3,1,1,13 
39.0,2.0,1,2,1,1,3,1,1,13 
49.0,8.0,1,2,1,1,3,1,1,13 
38.0,6.0,1,2,1,1,2,1,1,13 
44.0,2.0,1,2,1,1,3,1,0,13 
46.0,7.0,1,2,1,1,3,1,1,13 
35.0,9.0,1,2,1,0,3,1,0,13 
36.0,4.0,1,2,1,1,3,1,1,13 
46.0,3.0,1,2,1,1,2,1,1,13 
25.0,2.0,1,2,1,1,2,1,0,13 
22.0,2.0,1,3,1,1,3,1,0,13 
22.0,3.0,1,2,1,1,3,1,1,13 
26.0,1.0,1,3,1,1,3,1,0,13 
28.0,3.0,1,1,1,1,3,1,0,14 
23.0,3.0,1,1,1,1,2,1,1,14 
39.0,5.0,1,1,1,0,3,1,1,14 
47.0,6.0,1,1,1,0,3,1,0,14 
33.0,5.0,1,1,1,1,3,1,1,14 
44.0,11.0,1,1,1,1,4,1,1,14 
48.0,8.0,1,1,1,1,1,1,1,14 
45.0,0.0,1,1,0,0,2,1,0,14 
44.0,8.0,4,2,1,1,3,3,0,15 
49.0,5.0,4,3,1,1,2,3,0,15 
23.0,3.0,4,3,1,1,3,3,0,15 
31.0,2.0,4,2,0,1,1,3,0,15 
25.0,2.0,4,3,1,1,3,3,0,15 
24.0,3.0,4,3,1,1,3,3,0,15 
47.0,4.0,4,3,1,1,1,3,0,15 
30.0,0.0,4,2,1,0,3,3,0,15 
38.0,9.0,4,3,1,1,3,3,0,15 
30.0,4.0,4,3,1,1,3,3,0,15 
26.0,4.0,4,3,1,1,2,3,0,15 
39.0,1.0,4,3,1,0,2,2,0,15 
34.0,0.0,4,3,0,0,3,3,0,15 
29.0,4.0,4,3,1,0,3,2,0,15 
23.0,1.0,4,3,1,1,2,2,0,15 
36.0,3.0,4,3,1,0,3,2,0,15 
23.0,2.0,4,3,1,0,2,3,0,15 
28.0,2.0,4,3,1,1,3,2,0,15 
22.0,1.0,4,3,1,1,2,2,0,15 
29.0,0.0,4,2,1,0,2,2,0,15 
28.0,5.0,4,4,1,1,2,1,0,16 
22.0,0.0,4,4,1,1,1,1,0,16 
30.0,2.0,4,4,0,1,3,1,0,16 
21.0,1.0,4,4,1,1,2,1,0,16 
21.0,1.0,4,4,1,1,3,1,0,16 
22.0,1.0,4,4,0,1,3,1,0,16 
22.0,0.0,4,4,1,1,2,1,1,16 
30.0,3.0,4,4,1,1,2,1,0,16 
44.0,3.0,2,1,1,0,3,2,0,17 
48.0,3.0,2,1,1,0,4,3,0,17 
22.0,0.0,2,1,1,1,3,2,0,17 
28.0,2.0,2,1,1,0,3,3,0,17 
46.0,5.0,3,1,1,1,3,2,0,17 
32.0,5.0,2,1,1,0,2,2,0,17 
36.0,6.0,2,1,1,1,2,3,0,17 
22.0,0.0,2,1,1,1,2,2,0,17 
23.0,1.0,3,1,1,0,3,3,0,17 
39.0,1.0,3,1,1,1,2,3,0,17 
47.0,6.0,1,4,1,1,1,4,0,18 
34.0,4.0,1,4,1,1,3,4,1,18 
46.0,8.0,1,4,1,1,1,4,1,18 
41.0,5.0,1,4,1,0,2,4,0,18 
29.0,3.0,1,4,1,1,4,4,1,18 
46.0,5.0,4,3,1,1,1,4,0,19 
48.0,7.0,4,3,1,0,2,4,0,19 
37.0,8.0,4,3,1,1,1,4,0,19 
33.0,5.0,4,3,1,1,2,4,0,19 
42.0,7.0,4,3,1,0,1,4,0,19 
49.0,13.0,4,3,1,1,1,4,0,19 
39.0,4.0,4,3,1,1,3,4,0,19 
32.0,3.0,4,3,1,1,2,4,0,19 
35.0,2.0,4,3,0,1,3,4,0,19 
34.0,3.0,4,3,0,1,2,4,0,19 
41.0,5.0,4,3,1,0,3,4,0,19 
20.0,1.0,4,3,1,1,3,4,0,19 
39.0,5.0,2,1,1,1,2,1,1,20 
25.0,1.0,1,4,1,1,2,1,0,20 
49.0,10.0,2,1,1,0,2,4,0,20 
47.0,5.0,2,1,0,1,2,4,0,20 
36.0,6.0,2,1,1,1,2,1,0,20 
30.0,4.0,4,1,1,1,3,3,0,20 
25.0,4.0,3,1,1,1,3,1,0,20 
41.0,9.0,1,4,1,1,2,1,0,20 
21.0,3.0,2,1,1,0,3,1,1,20 
28.0,0.0,1,4,1,0,4,1,0,20 
25.0,2.0,3,1,1,0,3,4,0,20 
